{
    "mlp_hidden_dim_l0": 16,
    "mlp_hidden_dim_l1": 64,
    "mlp_dropout_p": 0.2,
    "num_epochs": 55,
    "learning_rate": 0.006745538000163675,
    "batch_size": 256,
    "patience": 40,
    "max_grad_norm": 2.3246974992609735
}