{
    "mlp_hidden_dim_l0": 32,
    "mlp_hidden_dim_l1": 64,
    "mlp_dropout_p": 0.2,
    "num_epochs": 70,
    "learning_rate": 0.004229247448633133,
    "batch_size": 512,
    "patience": 40,
    "max_grad_norm": 3.025134388727814
}