{"demographic_parity": 14.11612711497996, "equalised_odds": 15.272619162468699}