{"demographic_parity": 14.570628127763507, "equalised_odds": 16.43482819131041}