{"demographic_parity": 14.225747025298812, "equalised_odds": 15.662575616227686, "accuracy": 0.8000408844673095}