{"demographic_parity": 13.493515248899229, "equalised_odds": 14.237295886866011}