{"demographic_parity": 14.298734824476217, "equalised_odds": 15.664376455974319, "accuracy": 0.8051514428809922}