{"demographic_parity": 14.298734824476217, "equalised_odds": 15.664376455974319}