{"5_0.5": {"demographic_parity": {"mean": 36.28333333333333, "std": 25.731903025880797}, "equalised_odds": {"mean": 94.3, "std": 62.22949461469216}, "accuracy": {"mean": 0.5032000000000001, "std": 0.2314946219677684}}, "5_1.0": {"demographic_parity": {"mean": 36.43333333333333, "std": 25.719663899652947}, "equalised_odds": {"mean": 94.25, "std": 62.20480286923189}, "accuracy": {"mean": 0.5112000000000001, "std": 0.23296901081474333}}, "5_2.0": {"demographic_parity": {"mean": 36.266666666666666, "std": 25.65272348547464}, "equalised_odds": {"mean": 93.95, "std": 62.53716894775459}, "accuracy": {"mean": 0.5192, "std": 0.23552358692920755}}, "5_4.0": {"demographic_parity": {"mean": 35.45, "std": 24.915808234933902}, "equalised_odds": {"mean": 90.5, "std": 60.57846151892601}, "accuracy": {"mean": 0.5472, "std": 0.22147722230513908}}, "5_10.0": {"demographic_parity": {"mean": 31.6, "std": 23.530028096503035}, "equalised_odds": {"mean": 78.45, "std": 59.22919465939073}, "accuracy": {"mean": 0.57, "std": 0.20253394777172543}}, "10_0.5": {"demographic_parity": {"mean": 26.133452380952377, "std": 19.622724733062597}, "equalised_odds": {"mean": 82.57095238095238, "std": 40.47346993378163}, "accuracy": {"mean": 0.4983, "std": 0.14746901369440293}}, "10_1.0": {"demographic_parity": {"mean": 26.083095238095236, "std": 19.62882341252503}, "equalised_odds": {"mean": 83.01023809523811, "std": 40.93939408628232}, "accuracy": {"mean": 0.4998000000000001, "std": 0.14737693170913824}}, "10_2.0": {"demographic_parity": {"mean": 26.251904761904765, "std": 19.796726257680636}, "equalised_odds": {"mean": 83.12357142857144, "std": 40.75427640499564}, "accuracy": {"mean": 0.5022000000000001, "std": 0.149315638832642}}, "10_4.0": {"demographic_parity": {"mean": 25.862142857142857, "std": 19.449514358637547}, "equalised_odds": {"mean": 81.71023809523811, "std": 40.73346353606566}, "accuracy": {"mean": 0.516, "std": 0.15153877391611692}}, "10_10.0": {"demographic_parity": {"mean": 24.56833333333333, "std": 18.829051091934392}, "equalised_odds": {"mean": 71.2747619047619, "std": 41.252545227599015}, "accuracy": {"mean": 0.5709, "std": 0.14325917073611724}}, "50_0.5": {"demographic_parity": {"mean": 11.03086950209578, "std": 8.466772289380243}, "equalised_odds": {"mean": 33.313769933910635, "std": 17.837012525782438}, "accuracy": {"mean": 0.50138, "std": 0.07196732314043645}}, "50_1.0": {"demographic_parity": {"mean": 11.109188890022983, "std": 8.5034731895366}, "equalised_odds": {"mean": 33.45415401878001, "std": 17.773053902625875}, "accuracy": {"mean": 0.50188, "std": 0.07195321813511887}}, "50_2.0": {"demographic_parity": {"mean": 11.216806294247057, "std": 8.528111380700635}, "equalised_odds": {"mean": 33.61161108269993, "std": 17.78360885702471}, "accuracy": {"mean": 0.50248, "std": 0.07211830280864907}}, "50_4.0": {"demographic_parity": {"mean": 11.196490975893717, "std": 8.535950047876687}, "equalised_odds": {"mean": 33.72489072860105, "std": 17.747996540275963}, "accuracy": {"mean": 0.5047, "std": 0.07206601140621006}}, "50_10.0": {"demographic_parity": {"mean": 11.186767839785144, "std": 8.480968427301999}, "equalised_odds": {"mean": 34.02380706546735, "std": 17.80792895610338}, "accuracy": {"mean": 0.51082, "std": 0.07176717634127736}}, "100_0.5": {"demographic_parity": {"mean": 7.8955895729796595, "std": 5.931279571381859}, "equalised_odds": {"mean": 22.787991119888165, "std": 12.312044790981428}, "accuracy": {"mean": 0.50034, "std": 0.05074528943655756}}, "100_1.0": {"demographic_parity": {"mean": 7.903195116292994, "std": 5.9446874484861745}, "equalised_odds": {"mean": 22.75737155847749, "std": 12.344332312766879}, "accuracy": {"mean": 0.5006, "std": 0.050618573666194905}}, "100_2.0": {"demographic_parity": {"mean": 7.8963427894651375, "std": 5.932736838759856}, "equalised_odds": {"mean": 22.757719391102956, "std": 12.319805930487226}, "accuracy": {"mean": 0.50097, "std": 0.05048325563986539}}, "100_4.0": {"demographic_parity": {"mean": 7.998476244894011, "std": 5.876931171206345}, "equalised_odds": {"mean": 22.967335007645552, "std": 12.350200341284738}, "accuracy": {"mean": 0.50199, "std": 0.0501890416326114}}, "100_10.0": {"demographic_parity": {"mean": 7.912119503426745, "std": 5.832494603095056}, "equalised_odds": {"mean": 22.97014163239976, "std": 12.426273693199017}, "accuracy": {"mean": 0.50504, "std": 0.05023144831676666}}, "200_0.5": {"demographic_parity": {"mean": 5.7449917207165635, "std": 4.432759400408977}, "equalised_odds": {"mean": 16.96613169075863, "std": 9.103087778484818}, "accuracy": {"mean": 0.499745, "std": 0.03471973466200456}}, "200_1.0": {"demographic_parity": {"mean": 5.753726242791977, "std": 4.405442009900363}, "equalised_odds": {"mean": 16.95752715930342, "std": 9.050220963403333}, "accuracy": {"mean": 0.499925, "std": 0.0346824072838089}}, "200_2.0": {"demographic_parity": {"mean": 5.757822318631623, "std": 4.420978685917865}, "equalised_odds": {"mean": 16.894123158557928, "std": 9.06909766546648}, "accuracy": {"mean": 0.500285, "std": 0.03465030699719702}}, "200_4.0": {"demographic_parity": {"mean": 5.754068160623265, "std": 4.392966995596496}, "equalised_odds": {"mean": 16.87138174700327, "std": 9.052803960680668}, "accuracy": {"mean": 0.500935, "std": 0.03480374656556389}}, "200_10.0": {"demographic_parity": {"mean": 5.7585270939931394, "std": 4.434829415906831}, "equalised_odds": {"mean": 16.87035247338687, "std": 8.966061980295146}, "accuracy": {"mean": 0.50299, "std": 0.03483833951266909}}, "500_0.5": {"demographic_parity": {"mean": 3.5972400193132095, "std": 2.694727545121392}, "equalised_odds": {"mean": 10.251476262244765, "std": 5.192959087844433}, "accuracy": {"mean": 0.500688, "std": 0.021485964162680726}}, "500_1.0": {"demographic_parity": {"mean": 3.6051731054765734, "std": 2.70551172837416}, "equalised_odds": {"mean": 10.263390736190152, "std": 5.1909655857433235}, "accuracy": {"mean": 0.500812, "std": 0.021483683483052914}}, "500_2.0": {"demographic_parity": {"mean": 3.6115999687206597, "std": 2.6952655002869634}, "equalised_odds": {"mean": 10.26965326331211, "std": 5.163487968181782}, "accuracy": {"mean": 0.50104, "std": 0.02150698491188387}}, "500_4.0": {"demographic_parity": {"mean": 3.6134853666809073, "std": 2.701104810695842}, "equalised_odds": {"mean": 10.273384614998712, "std": 5.199013401915016}, "accuracy": {"mean": 0.501372, "std": 0.021587719101377998}}, "500_10.0": {"demographic_parity": {"mean": 3.6004544300384977, "std": 2.6867559727546886}, "equalised_odds": {"mean": 10.284192006586595, "std": 5.165989131443324}, "accuracy": {"mean": 0.502428, "std": 0.021734783550797106}}, "1000_0.5": {"demographic_parity": {"mean": 2.5355535640976927, "std": 2.0054701178858405}, "equalised_odds": {"mean": 7.106298689451467, "std": 4.048140416892485}, "accuracy": {"mean": 0.500263, "std": 0.0160408799945639}}, "1000_1.0": {"demographic_parity": {"mean": 2.5350108724607336, "std": 2.0117288960720128}, "equalised_odds": {"mean": 7.117226953143026, "std": 4.046553845358092}, "accuracy": {"mean": 0.5002989999999999, "std": 0.016020661628035227}}, "1000_2.0": {"demographic_parity": {"mean": 2.5397638620063776, "std": 2.0083031586021103}, "equalised_odds": {"mean": 7.1188999880240456, "std": 4.039282800343994}, "accuracy": {"mean": 0.500389, "std": 0.0160209762186953}}, "1000_4.0": {"demographic_parity": {"mean": 2.541000071441365, "std": 1.9971796343886858}, "equalised_odds": {"mean": 7.129726937670855, "std": 4.0333042032839215}, "accuracy": {"mean": 0.5006029999999999, "std": 0.016021778646579797}}, "1000_10.0": {"demographic_parity": {"mean": 2.538996387131131, "std": 1.996781155913826}, "equalised_odds": {"mean": 7.1473500355242905, "std": 4.018548081726768}, "accuracy": {"mean": 0.5013650000000001, "std": 0.016039880766389767}}}