{"demographic_parity": 13.689654660519151, "equalised_odds": 14.515834558734806, "accuracy": 0.8064461176791251}