{"5_10000.0": {"demographic_parity": {"mean": 31.183333333333334, "std": 24.326248968735165}, "equalised_odds": {"mean": 76.35, "std": 59.5245957567122}, "accuracy": {"mean": 0.5662, "std": 0.19477566583123263}}, "5_5000.0": {"demographic_parity": {"mean": 31.183333333333334, "std": 24.326248968735165}, "equalised_odds": {"mean": 76.35, "std": 59.5245957567122}, "accuracy": {"mean": 0.5662, "std": 0.19477566583123263}}, "5_2000.0": {"demographic_parity": {"mean": 31.183333333333334, "std": 24.326248968735165}, "equalised_odds": {"mean": 76.35, "std": 59.5245957567122}, "accuracy": {"mean": 0.5662, "std": 0.19477566583123263}}, "5_1000.0": {"demographic_parity": {"mean": 31.183333333333334, "std": 24.326248968735165}, "equalised_odds": {"mean": 76.35, "std": 59.5245957567122}, "accuracy": {"mean": 0.5662, "std": 0.19477566583123263}}, "5_500.0": {"demographic_parity": {"mean": 31.183333333333334, "std": 24.326248968735165}, "equalised_odds": {"mean": 76.35, "std": 59.5245957567122}, "accuracy": {"mean": 0.5662, "std": 0.19477566583123263}}, "10_10000.0": {"demographic_parity": {"mean": 22.73654761904762, "std": 16.99385511149408}, "equalised_odds": {"mean": 63.64190476190476, "std": 40.70441566802407}, "accuracy": {"mean": 0.5857, "std": 0.15015162336784774}}, "10_5000.0": {"demographic_parity": {"mean": 22.73654761904762, "std": 16.99385511149408}, "equalised_odds": {"mean": 63.64190476190476, "std": 40.70441566802407}, "accuracy": {"mean": 0.5857, "std": 0.15015162336784774}}, "10_2000.0": {"demographic_parity": {"mean": 22.73654761904762, "std": 16.99385511149408}, "equalised_odds": {"mean": 63.64190476190476, "std": 40.70441566802407}, "accuracy": {"mean": 0.5857, "std": 0.15015162336784774}}, "10_1000.0": {"demographic_parity": {"mean": 22.73654761904762, "std": 16.99385511149408}, "equalised_odds": {"mean": 63.64190476190476, "std": 40.70441566802407}, "accuracy": {"mean": 0.5857, "std": 0.15015162336784774}}, "10_500.0": {"demographic_parity": {"mean": 22.73654761904762, "std": 16.99385511149408}, "equalised_odds": {"mean": 63.64190476190476, "std": 40.70441566802407}, "accuracy": {"mean": 0.5857, "std": 0.15015162336784774}}, "50_10000.0": {"demographic_parity": {"mean": 10.678828165152797, "std": 8.063868860015333}, "equalised_odds": {"mean": 29.287987544441073, "std": 16.400903299500566}, "accuracy": {"mean": 0.61134, "std": 0.06693134093980188}}, "50_5000.0": {"demographic_parity": {"mean": 10.678828165152797, "std": 8.063868860015333}, "equalised_odds": {"mean": 29.287987544441073, "std": 16.400903299500566}, "accuracy": {"mean": 0.61134, "std": 0.06693134093980188}}, "50_2000.0": {"demographic_parity": {"mean": 10.678828165152797, "std": 8.063868860015333}, "equalised_odds": {"mean": 29.287987544441073, "std": 16.400903299500566}, "accuracy": {"mean": 0.61134, "std": 0.06693134093980188}}, "50_1000.0": {"demographic_parity": {"mean": 10.674828165152798, "std": 8.06420458674296}, "equalised_odds": {"mean": 29.28132087777441, "std": 16.4058751875164}, "accuracy": {"mean": 0.61132, "std": 0.0669197848173468}}, "50_500.0": {"demographic_parity": {"mean": 10.754329486787626, "std": 8.133666323428582}, "equalised_odds": {"mean": 29.443671156065086, "std": 16.544017394250414}, "accuracy": {"mean": 0.6115, "std": 0.06710700410538381}}, "100_10000.0": {"demographic_parity": {"mean": 8.176619405304432, "std": 5.903304908073489}, "equalised_odds": {"mean": 21.316368606993134, "std": 11.281580999736756}, "accuracy": {"mean": 0.60885, "std": 0.04794556809549763}}, "100_5000.0": {"demographic_parity": {"mean": 8.176619405304432, "std": 5.903304908073489}, "equalised_odds": {"mean": 21.316368606993134, "std": 11.281580999736756}, "accuracy": {"mean": 0.60885, "std": 0.04794556809549763}}, "100_2000.0": {"demographic_parity": {"mean": 8.178474358273345, "std": 5.901347133518336}, "equalised_odds": {"mean": 21.322927746778085, "std": 11.287079003660896}, "accuracy": {"mean": 0.6088899999999999, "std": 0.04796110820237581}}, "100_1000.0": {"demographic_parity": {"mean": 8.183823719298426, "std": 5.895649738628787}, "equalised_odds": {"mean": 21.27861745647174, "std": 11.295074084106195}, "accuracy": {"mean": 0.60884, "std": 0.0478858475961322}}, "100_500.0": {"demographic_parity": {"mean": 8.223467793647725, "std": 5.988801973442842}, "equalised_odds": {"mean": 21.3665787084741, "std": 11.35901655331507}, "accuracy": {"mean": 0.60925, "std": 0.047778002260454554}}, "200_10000.0": {"demographic_parity": {"mean": 7.01595706592849, "std": 4.7597139810404805}, "equalised_odds": {"mean": 16.298496792212298, "std": 8.441426070808282}, "accuracy": {"mean": 0.60975, "std": 0.03531908124512868}}, "200_5000.0": {"demographic_parity": {"mean": 7.015022486489238, "std": 4.760731270939513}, "equalised_odds": {"mean": 16.29816535281836, "std": 8.44167684346625}, "accuracy": {"mean": 0.609745, "std": 0.035315860105623945}}, "200_2000.0": {"demographic_parity": {"mean": 7.036104856713944, "std": 4.758691756588615}, "equalised_odds": {"mean": 16.32473626470022, "std": 8.459032828436598}, "accuracy": {"mean": 0.609795, "std": 0.03545959637390139}}, "200_1000.0": {"demographic_parity": {"mean": 7.042147281508925, "std": 4.737845167166219}, "equalised_odds": {"mean": 16.182999696637896, "std": 8.511685380018205}, "accuracy": {"mean": 0.6096199999999999, "std": 0.035465555120426366}}, "200_500.0": {"demographic_parity": {"mean": 6.9027862284887815, "std": 4.824561751698976}, "equalised_odds": {"mean": 15.989995732232627, "std": 8.611122572069375}, "accuracy": {"mean": 0.607405, "std": 0.03541808824597963}}, "500_10000.0": {"demographic_parity": {"mean": 6.030684309363213, "std": 3.4248306274384936}, "equalised_odds": {"mean": 11.737722338233981, "std": 5.949736954990853}, "accuracy": {"mean": 0.611038, "std": 0.02135262410103266}}, "500_5000.0": {"demographic_parity": {"mean": 6.024853649920782, "std": 3.4395929514722248}, "equalised_odds": {"mean": 11.749165877357, "std": 5.95640043896483}, "accuracy": {"mean": 0.6111019999999998, "std": 0.02129407419917571}}, "500_2000.0": {"demographic_parity": {"mean": 6.029777136801537, "std": 3.462697836813082}, "equalised_odds": {"mean": 11.75722795649249, "std": 6.054192098787097}, "accuracy": {"mean": 0.611394, "std": 0.021359886797452852}}, "500_1000.0": {"demographic_parity": {"mean": 5.96835453682466, "std": 3.495058471164101}, "equalised_odds": {"mean": 12.011362332588899, "std": 5.957528611620769}, "accuracy": {"mean": 0.6058600000000001, "std": 0.021363810521533855}}, "500_500.0": {"demographic_parity": {"mean": 5.759132930460384, "std": 3.5427133583102224}, "equalised_odds": {"mean": 12.168842526530764, "std": 6.134285093203592}, "accuracy": {"mean": 0.586336, "std": 0.02128189615612293}}, "1000_10000.0": {"demographic_parity": {"mean": 5.826341047332708, "std": 2.524918984141257}, "equalised_odds": {"mean": 9.906320125791252, "std": 4.512442695559925}, "accuracy": {"mean": 0.610807, "std": 0.015072748621270123}}, "1000_5000.0": {"demographic_parity": {"mean": 5.8454501132776455, "std": 2.537994210736348}, "equalised_odds": {"mean": 9.925568216086122, "std": 4.530912646502278}, "accuracy": {"mean": 0.610863, "std": 0.015274103279734637}}, "1000_2000.0": {"demographic_parity": {"mean": 5.841323872101711, "std": 2.6361892853266284}, "equalised_odds": {"mean": 10.0690887764013, "std": 4.64274524009567}, "accuracy": {"mean": 0.605618, "std": 0.015298106941710153}}, "1000_1000.0": {"demographic_parity": {"mean": 5.551675913982071, "std": 2.740451768267144}, "equalised_odds": {"mean": 10.03439074168018, "std": 4.635509823450252}, "accuracy": {"mean": 0.59044, "std": 0.015556490606817469}}, "1000_500.0": {"demographic_parity": {"mean": 4.007482767985629, "std": 2.587944091683429}, "equalised_odds": {"mean": 8.472150835581353, "std": 4.3804933221928115}, "accuracy": {"mean": 0.558183, "std": 0.016043051798208443}}}