{"demographic_parity": 18.78704602658014, "equalised_odds": 19.393106730382016, "accuracy": 0.8447818396226415}