{"demographic_parity": 18.854087220798938, "equalised_odds": 17.240283057121957}