{"demographic_parity": 19.650224615857084, "equalised_odds": 20.154927901708064, "accuracy": 0.8551002358490566}