{"demographic_parity": 19.7400690038523, "equalised_odds": 15.803308528299501}