{"5_10000.0": {"demographic_parity": {"mean": 0.0, "std": 0.0}, "equalised_odds": {"mean": 0.0, "std": 0.0}, "accuracy": {"mean": 0.5502, "std": 0.08648676199280439}}, "5_5000.0": {"demographic_parity": {"mean": 0.0, "std": 0.0}, "equalised_odds": {"mean": 0.0, "std": 0.0}, "accuracy": {"mean": 0.5502, "std": 0.08648676199280439}}, "5_2000.0": {"demographic_parity": {"mean": 0.0, "std": 0.0}, "equalised_odds": {"mean": 0.0, "std": 0.0}, "accuracy": {"mean": 0.5502, "std": 0.08648676199280439}}, "5_1000.0": {"demographic_parity": {"mean": 0.0, "std": 0.0}, "equalised_odds": {"mean": 0.0, "std": 0.0}, "accuracy": {"mean": 0.5502, "std": 0.08648676199280439}}, "5_500.0": {"demographic_parity": {"mean": 0.0, "std": 0.0}, "equalised_odds": {"mean": 0.0, "std": 0.0}, "accuracy": {"mean": 0.5502, "std": 0.08648676199280439}}, "10_10000.0": {"demographic_parity": {"mean": 0.0, "std": 0.0}, "equalised_odds": {"mean": 0.0, "std": 0.0}, "accuracy": {"mean": 0.6498999999999999, "std": 0.10516648705742719}}, "10_5000.0": {"demographic_parity": {"mean": 0.0, "std": 0.0}, "equalised_odds": {"mean": 0.0, "std": 0.0}, "accuracy": {"mean": 0.6498999999999999, "std": 0.10516648705742719}}, "10_2000.0": {"demographic_parity": {"mean": 0.0, "std": 0.0}, "equalised_odds": {"mean": 0.0, "std": 0.0}, "accuracy": {"mean": 0.6498999999999999, "std": 0.10516648705742719}}, "10_1000.0": {"demographic_parity": {"mean": 0.0, "std": 0.0}, "equalised_odds": {"mean": 0.0, "std": 0.0}, "accuracy": {"mean": 0.6498999999999999, "std": 0.10516648705742719}}, "10_500.0": {"demographic_parity": {"mean": 0.0, "std": 0.0}, "equalised_odds": {"mean": 0.0, "std": 0.0}, "accuracy": {"mean": 0.6498999999999999, "std": 0.10516648705742719}}, "50_10000.0": {"demographic_parity": {"mean": 0.0, "std": 0.0}, "equalised_odds": {"mean": 0.0, "std": 0.0}, "accuracy": {"mean": 0.72714, "std": 0.05729764742116381}}, "50_5000.0": {"demographic_parity": {"mean": 0.0, "std": 0.0}, "equalised_odds": {"mean": 0.0, "std": 0.0}, "accuracy": {"mean": 0.72714, "std": 0.05729764742116381}}, "50_2000.0": {"demographic_parity": {"mean": 0.0, "std": 0.0}, "equalised_odds": {"mean": 0.0, "std": 0.0}, "accuracy": {"mean": 0.72714, "std": 0.05729764742116381}}, "50_1000.0": {"demographic_parity": {"mean": 0.0, "std": 0.0}, "equalised_odds": {"mean": 0.0, "std": 0.0}, "accuracy": {"mean": 0.72714, "std": 0.05729764742116381}}, "50_500.0": {"demographic_parity": {"mean": 0.0, "std": 0.0}, "equalised_odds": {"mean": 0.0, "std": 0.0}, "accuracy": {"mean": 0.72714, "std": 0.05729764742116381}}, "100_10000.0": {"demographic_parity": {"mean": 0.0, "std": 0.0}, "equalised_odds": {"mean": 0.0, "std": 0.0}, "accuracy": {"mean": 0.7385, "std": 0.04318275118609281}}, "100_5000.0": {"demographic_parity": {"mean": 0.0, "std": 0.0}, "equalised_odds": {"mean": 0.0, "std": 0.0}, "accuracy": {"mean": 0.7385, "std": 0.04318275118609281}}, "100_2000.0": {"demographic_parity": {"mean": 0.0, "std": 0.0}, "equalised_odds": {"mean": 0.0, "std": 0.0}, "accuracy": {"mean": 0.7385, "std": 0.04318275118609281}}, "100_1000.0": {"demographic_parity": {"mean": 0.0, "std": 0.0}, "equalised_odds": {"mean": 0.0, "std": 0.0}, "accuracy": {"mean": 0.7385, "std": 0.04318275118609281}}, "100_500.0": {"demographic_parity": {"mean": 0.0, "std": 0.0}, "equalised_odds": {"mean": 0.0, "std": 0.0}, "accuracy": {"mean": 0.7385, "std": 0.04318275118609281}}, "200_10000.0": {"demographic_parity": {"mean": 0.0, "std": 0.0}, "equalised_odds": {"mean": 0.0, "std": 0.0}, "accuracy": {"mean": 0.7427699999999999, "std": 0.029192928938357673}}, "200_5000.0": {"demographic_parity": {"mean": 0.0, "std": 0.0}, "equalised_odds": {"mean": 0.0, "std": 0.0}, "accuracy": {"mean": 0.7427699999999999, "std": 0.029192928938357673}}, "200_2000.0": {"demographic_parity": {"mean": 0.0, "std": 0.0}, "equalised_odds": {"mean": 0.0, "std": 0.0}, "accuracy": {"mean": 0.7427699999999999, "std": 0.029192928938357673}}, "200_1000.0": {"demographic_parity": {"mean": 0.0, "std": 0.0}, "equalised_odds": {"mean": 0.0, "std": 0.0}, "accuracy": {"mean": 0.7427699999999999, "std": 0.029192928938357673}}, "200_500.0": {"demographic_parity": {"mean": 0.007801767685968026, "std": 0.09702318077013788}, "equalised_odds": {"mean": 0.03270516877339636, "std": 0.5183693670890499}, "accuracy": {"mean": 0.742785, "std": 0.02919963655595735}}, "500_10000.0": {"demographic_parity": {"mean": 0.0, "std": 0.0}, "equalised_odds": {"mean": 0.0, "std": 0.0}, "accuracy": {"mean": 0.74671, "std": 0.018654862636856926}}, "500_5000.0": {"demographic_parity": {"mean": 0.0, "std": 0.0}, "equalised_odds": {"mean": 0.0, "std": 0.0}, "accuracy": {"mean": 0.74671, "std": 0.018654862636856926}}, "500_2000.0": {"demographic_parity": {"mean": 0.0, "std": 0.0}, "equalised_odds": {"mean": 0.0, "std": 0.0}, "accuracy": {"mean": 0.74671, "std": 0.018654862636856926}}, "500_1000.0": {"demographic_parity": {"mean": 0.022768177295306884, "std": 0.09467138107253437}, "equalised_odds": {"mean": 0.08304924735223497, "std": 0.4665722870922918}, "accuracy": {"mean": 0.7467639999999999, "std": 0.018665698593945006}}, "500_500.0": {"demographic_parity": {"mean": 0.48692001581920147, "std": 0.39662471628237816}, "equalised_odds": {"mean": 2.0488896989197576, "std": 2.0111178058473045}, "accuracy": {"mean": 0.746008, "std": 0.018841441983033058}}, "1000_10000.0": {"demographic_parity": {"mean": 0.0, "std": 0.0}, "equalised_odds": {"mean": 0.0, "std": 0.0}, "accuracy": {"mean": 0.74705, "std": 0.012258038179088866}}, "1000_5000.0": {"demographic_parity": {"mean": 0.0, "std": 0.0}, "equalised_odds": {"mean": 0.0, "std": 0.0}, "accuracy": {"mean": 0.74705, "std": 0.012258038179088866}}, "1000_2000.0": {"demographic_parity": {"mean": 0.024236040818758284, "std": 0.06987724849478072}, "equalised_odds": {"mean": 0.08386226017605945, "std": 0.3337179874459991}, "accuracy": {"mean": 0.7471089999999999, "std": 0.012268786370297604}}, "1000_1000.0": {"demographic_parity": {"mean": 0.2966853909488159, "std": 0.23429020688894403}, "equalised_odds": {"mean": 1.3530815746973477, "std": 1.1891864452742738}, "accuracy": {"mean": 0.746826, "std": 0.012253967683978944}}, "1000_500.0": {"demographic_parity": {"mean": 1.7602253589436025, "std": 1.3288266214825943}, "equalised_odds": {"mean": 6.501884379019379, "std": 3.809598909464615}, "accuracy": {"mean": 0.69329, "std": 0.013571731650751102}}}