{"demographic_parity": 18.07987334208906, "equalised_odds": 14.662272982094155, "accuracy": 0.8534787735849056}