{"demographic_parity": 19.7400690038523, "equalised_odds": 15.803308528299501, "accuracy": 0.8553950471698113}