{"5_0.5": {"demographic_parity": {"mean": 36.8, "std": 25.974004098114882}, "equalised_odds": {"mean": 97.45, "std": 62.93645604893876}, "accuracy": {"mean": 0.49939999999999996, "std": 0.22908435127699142}}, "5_1.0": {"demographic_parity": {"mean": 36.75, "std": 25.749730311424837}, "equalised_odds": {"mean": 97.95, "std": 62.75585630042825}, "accuracy": {"mean": 0.5024, "std": 0.22907256492212247}}, "5_2.0": {"demographic_parity": {"mean": 34.08333333333333, "std": 25.717347150210585}, "equalised_odds": {"mean": 88.65, "std": 62.359261541490376}, "accuracy": {"mean": 0.521, "std": 0.21917800984587846}}, "5_4.0": {"demographic_parity": {"mean": 4.666666666666666, "std": 13.05543735171076}, "equalised_odds": {"mean": 9.7, "std": 28.03408639495855}, "accuracy": {"mean": 0.5538, "std": 0.10726397344868406}}, "5_10.0": {"demographic_parity": {"mean": 0.0, "std": 0.0}, "equalised_odds": {"mean": 0.0, "std": 0.0}, "accuracy": {"mean": 0.5502, "std": 0.08648676199280439}}, "10_0.5": {"demographic_parity": {"mean": 27.546190476190475, "std": 20.492090122688115}, "equalised_odds": {"mean": 85.07261904761906, "std": 43.76905479117552}, "accuracy": {"mean": 0.5017999999999999, "std": 0.15955174709165673}}, "10_1.0": {"demographic_parity": {"mean": 27.45, "std": 20.516293646481618}, "equalised_odds": {"mean": 84.80690476190476, "std": 44.294750280791085}, "accuracy": {"mean": 0.5057, "std": 0.16049146394746355}}, "10_2.0": {"demographic_parity": {"mean": 27.132261904761904, "std": 20.743525162171164}, "equalised_odds": {"mean": 84.06023809523808, "std": 45.299046777449725}, "accuracy": {"mean": 0.5147, "std": 0.1576512289834748}}, "10_4.0": {"demographic_parity": {"mean": 24.388809523809524, "std": 18.950785872994334}, "equalised_odds": {"mean": 76.00690476190476, "std": 45.1646788722159}, "accuracy": {"mean": 0.5530999999999999, "std": 0.1598448935687343}}, "10_10.0": {"demographic_parity": {"mean": 0.6107142857142857, "std": 3.2801304779506797}, "equalised_odds": {"mean": 1.7766666666666666, "std": 10.934863205972597}, "accuracy": {"mean": 0.651, "std": 0.10676609948855488}}, "50_0.5": {"demographic_parity": {"mean": 12.186614182783524, "std": 9.178507295056077}, "equalised_odds": {"mean": 43.91964534268222, "std": 23.746762188543844}, "accuracy": {"mean": 0.4955400000000001, "std": 0.06886296827758734}}, "50_1.0": {"demographic_parity": {"mean": 12.238015318103592, "std": 9.231250347084073}, "equalised_odds": {"mean": 44.15301865394169, "std": 23.922877033828325}, "accuracy": {"mean": 0.4960400000000001, "std": 0.06897186672839876}}, "50_2.0": {"demographic_parity": {"mean": 12.26598907373155, "std": 9.21506994157255}, "equalised_odds": {"mean": 44.06020932690751, "std": 23.81261097311326}, "accuracy": {"mean": 0.49796, "std": 0.06874764286868314}}, "50_4.0": {"demographic_parity": {"mean": 12.225626994014219, "std": 9.253020005904787}, "equalised_odds": {"mean": 43.95254873477758, "std": 23.98258529948054}, "accuracy": {"mean": 0.50156, "std": 0.06907942095877759}}, "50_10.0": {"demographic_parity": {"mean": 12.209990199847013, "std": 9.53683947659758}, "equalised_odds": {"mean": 43.7437332918597, "std": 24.054334256355776}, "accuracy": {"mean": 0.5197, "std": 0.06924384449176692}}, "100_0.5": {"demographic_parity": {"mean": 8.38829385953983, "std": 6.468803842192857}, "equalised_odds": {"mean": 32.17868784304381, "std": 19.10871876815391}, "accuracy": {"mean": 0.49857999999999997, "std": 0.05142551506791158}}, "100_1.0": {"demographic_parity": {"mean": 8.41333638975826, "std": 6.448795376102774}, "equalised_odds": {"mean": 32.222749565281525, "std": 19.05573071627918}, "accuracy": {"mean": 0.49921, "std": 0.05143030137963417}}, "100_2.0": {"demographic_parity": {"mean": 8.397735121110985, "std": 6.467771035035861}, "equalised_odds": {"mean": 32.28246117236338, "std": 19.01195192559183}, "accuracy": {"mean": 0.50033, "std": 0.0515925488806281}}, "100_4.0": {"demographic_parity": {"mean": 8.434029025851494, "std": 6.4534461330318935}, "equalised_odds": {"mean": 32.17422031024556, "std": 19.03492489942475}, "accuracy": {"mean": 0.50256, "std": 0.05162989831483304}}, "100_10.0": {"demographic_parity": {"mean": 8.413798832513418, "std": 6.419149751796777}, "equalised_odds": {"mean": 32.41530864946191, "std": 19.105667050387616}, "accuracy": {"mean": 0.51277, "std": 0.05193483513018983}}, "200_0.5": {"demographic_parity": {"mean": 5.900574977625843, "std": 4.514733288426455}, "equalised_odds": {"mean": 22.434525697959188, "std": 12.82556612367768}, "accuracy": {"mean": 0.499135, "std": 0.034062101740791044}}, "200_1.0": {"demographic_parity": {"mean": 5.871517840160822, "std": 4.5142036050571575}, "equalised_odds": {"mean": 22.402103844531165, "std": 12.793759642979705}, "accuracy": {"mean": 0.499455, "std": 0.03398423126981101}}, "200_2.0": {"demographic_parity": {"mean": 5.873753950414059, "std": 4.496437969652485}, "equalised_odds": {"mean": 22.296010265687414, "std": 12.797824714607653}, "accuracy": {"mean": 0.50015, "std": 0.033958467279899436}}, "200_4.0": {"demographic_parity": {"mean": 5.871390491360469, "std": 4.5068234876006095}, "equalised_odds": {"mean": 22.21935465003565, "std": 12.7807695047524}, "accuracy": {"mean": 0.501735, "std": 0.033960488438772495}}, "200_10.0": {"demographic_parity": {"mean": 5.8299286708986795, "std": 4.45839356787959}, "equalised_odds": {"mean": 22.255453956750678, "std": 12.825787958057644}, "accuracy": {"mean": 0.507305, "std": 0.03391993477293258}}, "500_0.5": {"demographic_parity": {"mean": 3.8024206906138134, "std": 2.937758717665137}, "equalised_odds": {"mean": 14.111051202115801, "std": 8.154099029337809}, "accuracy": {"mean": 0.49978999999999996, "std": 0.022441031616215874}}, "500_1.0": {"demographic_parity": {"mean": 3.7925047509591585, "std": 2.9353043936859704}, "equalised_odds": {"mean": 14.103090283310571, "std": 8.191132472164378}, "accuracy": {"mean": 0.50005, "std": 0.022444275439407715}}, "500_2.0": {"demographic_parity": {"mean": 3.789170257836926, "std": 2.9433792290442935}, "equalised_odds": {"mean": 14.131509544312797, "std": 8.168238801393624}, "accuracy": {"mean": 0.500552, "std": 0.022434065525445905}}, "500_4.0": {"demographic_parity": {"mean": 3.7883951109962775, "std": 2.9337049666181905}, "equalised_odds": {"mean": 14.19220337141759, "std": 8.139262507195113}, "accuracy": {"mean": 0.501416, "std": 0.022326552443223305}}, "500_10.0": {"demographic_parity": {"mean": 3.785637818932757, "std": 2.9301522636231905}, "equalised_odds": {"mean": 14.169538160438554, "std": 8.162002141572113}, "accuracy": {"mean": 0.5042380000000001, "std": 0.022265923650277807}}, "1000_0.5": {"demographic_parity": {"mean": 2.6791962002174943, "std": 1.9532257499707186}, "equalised_odds": {"mean": 9.828745581872155, "std": 5.793707595916696}, "accuracy": {"mean": 0.5001639999999999, "std": 0.015383793550356828}}, "1000_1.0": {"demographic_parity": {"mean": 2.6780457415787464, "std": 1.9547652671516726}, "equalised_odds": {"mean": 9.831121950551294, "std": 5.794944328150316}, "accuracy": {"mean": 0.5003500000000001, "std": 0.01536949901590811}}, "1000_2.0": {"demographic_parity": {"mean": 2.672848320765195, "std": 1.9589019020515939}, "equalised_odds": {"mean": 9.81833781067252, "std": 5.820432396544739}, "accuracy": {"mean": 0.500679, "std": 0.015348093008579285}}, "1000_4.0": {"demographic_parity": {"mean": 2.674309866700166, "std": 1.9687947980504772}, "equalised_odds": {"mean": 9.82418063093095, "std": 5.812987732596721}, "accuracy": {"mean": 0.501298, "std": 0.01534454939058167}}, "1000_10.0": {"demographic_parity": {"mean": 2.6768335765104836, "std": 1.9718232433919152}, "equalised_odds": {"mean": 9.81270150189674, "std": 5.8382672722419615}, "accuracy": {"mean": 0.503141, "std": 0.01531734699613482}}}