{"demographic_parity": 18.78704602658014, "equalised_odds": 19.393106730382016}