{"demographic_parity": 18.61019176674708, "equalised_odds": 19.63999480978075, "accuracy": 0.8489091981132075}